SSN,first_name,last_name,email,gender,State,DOB
862-61-3162,Sonnnie,Dishmon,sdishmon0@netvibes.com,Female,FL,23-11-1969
813-65-9169,Upton,Dalyell,udalyell1@tripod.com,Male,FL,17-10-1958
546-83-8564,Matt,Mussalli,mmussalli2@usnews.com,Male,CA,14-11-1933
291-20-9421,Elga,Dunstone,edunstone3@illinois.edu,Female,IN,21-11-1994
301-17-4834,Anselma,Skirvane,askirvane4@indiatimes.com,Female,TX,27-11-1948
607-33-7048,Drucy,Simonutti,dsimonutti5@fastcompany.com,Female,TX,20-10-1933
627-98-1912,Kent,Ruben,kruben6@opera.com,Male,OK,12-10-1946
506-24-7460,Drusy,Church,dchurch7@unicef.org,Female,FL,20-11-1952
528-66-2294,Freddie,Gossage,fgossage8@wsj.com,Female,AZ,23-10-1933
162-43-6910,Kalle,Barwell,kbarwell9@mashable.com,Male,IL,19-10-1946
768-28-2781,Mandy,Danels,mdanelsa@blog.com,Female,IL,19-11-1967
672-09-6966,Dulciana,Aspinall,daspinallb@dailymotion.com,Female,CA,17-10-1988
405-13-2294,Roby,Atkinson,ratkinsonc@drupal.org,Female,GA,20-11-1957
684-67-5969,Jilleen,Ackery,jackeryd@netvibes.com,Female,OH,27-10-1907
813-03-0427,Leyla,Janus,ljanuse@free.fr,Female,NV,17-11-1939
617-42-8596,Rod,Blankhorn,rblankhornf@wp.com,Male,IN,20-11-1978
